"Id";"Designator";"Package";"Quantity";"Designation";"Supplier and ref";
1;"U_M8,U_M7,U_A7,U_M14,U_M6,U_M15";"DIP-20_W7.62mm";6;"74LS240";;;
2;"U_D14,U_B10,U_B9,U_D15";"DIP-22_W10.16mm_Socket";4;"AM93L422";;;
3;"U_F14,U_L14,U_K10,U_D12,U_K6,U_B12,U_L6";"DIP-14_W7.62mm";7;"74LS00";;;
4;"U_A10,U_A5,U_A4,U_A9,U_A8,U_A6";"DIP-16_W7.62mm";6;"8835";;;
5;"U_H12,U_D7";"DIP-16_W7.62mm";2;"SN74120";;;
6;"C39";"CP_Axial_L18.0mm_D8.0mm_P25.00mm_Horizontal";1;"470uF";;;
7;"C29,C8,C35,C6,C34,C27,C25,C26,C3,C5,C43,C21,C38,C47,C54,C1,C28,C32,C46,C14,C24,C16,C10,C37,C4,C7,C13,C11,C41,C30,C2,C31,C19,C42,C12,C9,C36,C23,C22,C15,C18,C17,C48,C45,C49,C50,C51,C33,C20,C40,C44";"C_Disc_D4.3mm_W1.9mm_P5.00mm";51;"100nF";;;
8;"R3,R2,R1";"R_Axial_DIN0207_L6.3mm_D2.5mm_P10.16mm_Horizontal";3;"330";;;
9;"R15";"R_Axial_DIN0207_L6.3mm_D2.5mm_P10.16mm_Horizontal";1;"10k";;;
10;"U_L10,U_F12,U_A1,U_B15,U_E15,U_M9";"DIP-14_W7.62mm";6;"74LS74";;;
11;"JP1";"PinHeader_1x03_P2.54mm_Vertical";1;"Jumper_3_Open";;;
12;"C52,C53";"CP_Axial_L25.0mm_D10.0mm_P30.00mm_Horizontal";2;"1000uF";;;
13;"U_D11,U_M12,U_D9,U_J9";"DIP-16_W7.62mm";4;"74LS378";;;
14;"U_D5,U_F13,U_D4,U_E5";"DIP-16_W7.62mm";4;"74LS174";;;
15;"U_D8,U_H13";"DIP-14_W7.62mm";2;"74LS20";;;
16;"U_C3,U_D6,U_C14,U_L11,U_B4,U_B3,U_C4";"DIP-16_W7.62mm";7;"74LS157";;;
17;"R12,R18,R13,R19";"R_Axial_DIN0207_L6.3mm_D2.5mm_P10.16mm_Horizontal";4;"4.7k";;;
18;"U_A13,U_M10";"DIP-14_W7.62mm";2;"74LS37";;;
19;"U_B7,U_B8";"DIP-14_W7.62mm";2;"74LS30";;;
20;"U_F9,U_F7";"DIP-40_W15.24mm_Socket";2;"AM2901";;;
21;"U_C11,U_C12";"DIP-16_W7.62mm";2;"74LS173";;;
22;"U_MWK2,U_MWM2,U_MWL2,U_MWE2,U_MWF2,U_MWJ2,U_MWH2";"DIP-24_W15.24mm_Socket";7;"76161";;;
23;"U_E11,U_E10,U_B11";"DIP-14_W7.62mm";3;"74LS10";;;
24;"U_C7,U_D10,U_E8,U_K12";"DIP-14_W7.62mm";4;"74LS02";;;
25;"P1";"BUS_EE200";1;"Conn_02x36_Top_Bottom";;;
26;"U_B5,U_C6,U_C2,U_B2,U_B6,U_C15,U_C5,U_B1,U_C1";"DIP-16_W7.62mm";9;"74LS669";;;
27;"P4,P8,P10";"PinSocket_2x08_P2.54mm_Vertical";3;"Conn_02x08_Counter_Clockwise";;;
28;"R4,RN16";"R_Array_SIP10";2;"220/330";;;
29;"R14,R9,R11,R6,R10,R17";"R_Axial_DIN0207_L6.3mm_D2.5mm_P10.16mm_Horizontal";6;"1k";;;
30;"U_K11,U_E7,U_D3,U_H11,U_E6";"DIP-16_W7.62mm";5;"74LS138";;;
31;"U_C9,U_K5,U_L5,U_C13,U_H5,U_M5,U_J5,U_F5";"DIP-20_W7.62mm";8;"74LS377";;;
32;"U_J6,U_A15,U_A3,U_E14,U_E12,U_C8,U_C10";"DIP-14_W7.62mm";7;"74LS04";;;
33;"R7";"R_Array_SIP10";1;"4.7k";;;
34;"U_A12,U_A11";"DIP-20_W7.62mm";2;"AM2907";;;
35;"P2,P3";"IDC-Header_2x13_P2.54mm_Horizontal";2;"Conn_02x13_Top_Bottom";;;
36;"U_A14,U_A2";"DIP-14_W7.62mm";2;"74LS38";;;
37;"P7";"PinSocket_2x07_P2.54mm_Vertical";1;"Conn_02x07_Counter_Clockwise";;;
38;"U_H14";"DIP-16_W7.62mm";1;"74LS368";;;
39;"REF09,REF00,REF04,REF02,REF00,REF09,REF04,REF02";"Fiducial_1.5mm_Mask4.5mm";8;"Fiducial_1.5mm_Mask4.5mm";;;
40;"U_F11,U_M13";"DIP-16_W7.62mm";2;"74LS259";;;
41;"DSW1";"SW_DIP_SPSTx08_Slide_9.78x22.5mm_W7.62mm_P2.54mm";1;"SW_DIP_x08";;;
42;"U_F6,U_K13,U_J13,U_J12";"DIP-16_W7.62mm";4;"74LS153";;;
43;"U_D13";"DIP-20_W7.62mm";1;"74LS374";;;
44;"XTAL1";"Crystal_HC52-U_Horizontal";1;"15MHz";;;
45;"U_J7,U_K7";"DIP-28_W15.24mm_Socket";2;"AM2909";;;
46;"P5,P6";"PinHeader_2x25_P2.54mm_Vertical";2;"Conn_02x25_Counter_Clockwise";;;
47;"U_H6";"DIP-16_W7.62mm";1;"74LS253";;;
48;"U_L9";"DIP-20_W7.62mm_Socket";1;"AM2911";;;
49;"U_B13";"DIP-20_W7.62mm";1;"74LS471";;;
50;"R8";"R_Axial_DIN0207_L6.3mm_D2.5mm_P10.16mm_Horizontal";1;"47";;;
51;"CR1";"D_A-405_P10.16mm_Horizontal";1;"D";;;
52;"U_K9,U_J11,U_J10";"DIP-16_W7.62mm";3;"74LS151";;;
53;"R5";"R_Axial_DIN0207_L6.3mm_D2.5mm_P10.16mm_Horizontal";1;"470";;;
54;"U_D2";"DIP-16_W7.62mm";1;"74LS139";;;
55;"U_L13";"DIP-16_W7.62mm";1;"74LS109";;;
